ASV,downstreamASV,responseTime,responseCode,downstreamResponseTime,latencyMilliseconds
3,1,1369.5924945534164,500,1422.6483198393673,9379.277468561235
4,2,1553.0846526602556,500,1300.5788999670494,9288.72005318107
1,3,1568.4156545625976,302,1693.4157421495652,9406.150069018855
2,1,1487.7744697275116,302,1539.1991931332602,9643.705449438325
2,2,1474.6428028378086,404,1836.404443306154,9327.142474375296
3,3,1341.229215467175,302,1585.7037324704413,9379.037024709347
1,4,1512.318300098723,404,1614.948889114445,9558.328147915452
2,4,1743.3101621492729,301,1634.549353010908,9570.53491096084
3,1,1403.1161438780719,404,1504.8062672099786,9634.123855073354
2,4,1542.5068069753684,410,1232.5976530180233,9640.929720505894
4,1,1719.92861909205,410,1675.2482262827473,9307.733561249457
4,1,1555.4812947880205,301,1400.8161120205452,9234.424961270593
1,1,1706.2504154614232,503,1341.0800357199714,9821.41379576997
3,3,1760.8977222642065,500,1581.242804998313,9774.497070011786
4,3,1616.8738865255527,500,1649.2107619696417,9489.439813046572
4,4,1629.9702351027154,503,1494.5658617536283,9674.282229033648
4,1,1592.3258698652558,301,1303.28037182595,9497.16433501396
2,3,1323.5290267053952,301,1602.0580653310074,9592.301538108251
3,2,1346.7025741171576,302,1491.1962689099269,9315.130422206677
4,1,1452.8338134480648,200,1315.6534411693533,9549.015362466502
1,3,1280.3864930949096,410,1418.7025898419522,9432.556236396258
3,4,1585.8960220816057,500,1425.0451478049201,9774.056788787739
3,1,1448.2435042631575,404,1725.6810652183306,9420.38049345961
3,2,1469.4838698520293,302,1451.523185246949,9333.114685053508
1,3,1321.4065390969413,301,1749.414174591575,9547.612854256442
4,1,1614.5884990855218,410,1800.0052165234176,10071.63234573478
3,4,1338.5082802422373,301,1585.3076115330184,9303.069575899437
1,3,1671.1792428287329,200,1407.7266393550779,9515.53026472053
4,2,1683.9078249060915,404,1613.2592939484798,9585.938219704478
2,2,1549.500534886727,500,1427.6750539421482,9385.730099639366
3,3,1357.2755228080828,410,1596.634793630255,9669.26825288796
2,4,1162.1597006476272,301,1359.3380138865366,9535.74933682026
4,3,1431.8944484117005,410,1543.3654602088895,9571.423375994678
2,1,1725.1733666258242,302,1734.0191459007115,9790.02937206158
1,2,1419.2439261975271,500,1406.4823838003615,9508.31430493522
2,1,1310.2662525877931,500,1660.2046313134422,9119.055188288046
2,1,1542.7665937838583,301,1679.036219990423,9527.212114293685
1,3,1655.3429293573408,500,1389.0852308357746,9250.36907617156
3,3,1386.927349074159,503,1648.2187978239294,9325.116933342415
1,2,1351.1682272197118,302,1648.5540814465094,9536.194938204308
2,4,1294.3153613394056,200,1514.9771381300707,9597.234237546458
3,4,1664.7565356874481,302,1718.3105931266691,9565.288848919545
1,2,1335.9549988156402,404,1633.7476827239154,9568.53889290045
2,2,1468.028750859061,503,1560.6155707211572,9604.095091915015
3,1,1372.549349830619,404,1674.7005222580437,9515.735151720915
2,4,1392.3307253506405,404,1501.9929978956814,9225.34683267123
1,1,1661.0689497474887,410,1428.199126980658,9503.260204731896
4,3,1403.7463157266843,200,1515.4190300296243,10123.535604029179
2,2,1518.9763542096453,301,1466.6997624865114,9648.044930723863
1,2,1857.1560319127557,404,1537.298436831751,9602.781332625855
2,2,1537.8874059390992,200,1548.12082347936,9552.6613316681
3,4,1697.2423148922549,500,1396.0288366616162,9265.825075458615
3,3,1646.4348262083142,301,1556.7398840390204,9655.966616777487
3,4,1847.897434556308,410,1375.7478143204548,9272.157040463513
2,4,1178.9549424224451,500,1596.1991039139507,9323.930282642314
3,4,1603.8452144892026,302,1344.772363575529,9893.569785306534
2,4,1824.5463640032312,500,1644.4118748622807,9645.718496425925
2,3,1575.3924669972948,302,1425.1316380334201,9314.165184451162
2,1,1420.9105712668763,302,1528.6563527859798,9809.835235811961
1,4,1450.670686972199,410,1305.7820029067213,9266.375689387864
4,1,1532.9807190797142,200,1506.2789850693082,9643.944000382897
3,4,1269.271693431016,302,1438.3185024623974,9664.953444927252
1,3,1859.0324088733169,410,1385.8584354301634,9156.10049353647
1,2,1698.049377145315,503,1669.154334880333,9494.436902603777
3,2,1485.812237685093,503,1394.0697318760974,9523.122944928327
3,2,1382.969658167495,301,1196.128743297139,9791.319907933199
2,3,1727.7795694553417,302,1375.3531658962684,9563.620743088451
1,4,1808.2831278412568,404,1490.248091764681,9262.9891133005
1,1,1591.0691654780535,503,1475.8208150765504,9414.329225281126
3,3,1699.918773763203,301,1460.5476066033395,9540.007879894989
2,1,1561.4390959315413,200,1498.4885357070546,9221.393106168442
1,4,1521.4696603553784,302,1517.3551139069205,9697.683993896726
4,1,1314.8247314521739,200,1781.4998261338246,9893.219111934182
2,4,1711.647717122114,200,1323.8076269732494,9232.597853507945
3,4,1661.703536286186,200,1522.9170142112946,9613.31754932595
3,2,1522.164876878853,302,1514.579385689885,9571.000637122603
4,1,1514.205926158727,301,1416.6794342094236,9533.643349649985
4,4,1693.3965309894293,410,1803.1113092051546,9190.776934017542
1,1,1647.6371758481216,404,1832.1509441843355,9785.95600802814
2,3,1371.7273442245469,404,1632.5575355644417,9785.193847470407
4,2,1789.6227760621882,200,1464.6102629928705,9312.828064827021
3,1,1526.127088196253,200,1329.0509169274728,9302.412040444782
3,2,1508.9968872783995,500,1335.3012237327328,9601.126324315244
2,3,1473.8946095177694,503,1542.1939323607844,9239.476423028844
3,4,1507.4354117697849,301,1489.586938731095,9696.32588464145
1,1,1316.6417748137635,404,1384.3200224321413,9326.193169601447
4,3,1398.3708281885426,404,1511.9870245157624,9180.147664823835
4,3,1628.1548133300494,200,1394.006583284284,9335.911262730353
2,3,1476.7970746300764,404,1458.2278576207354,9339.911138841944
4,4,1559.760655550919,404,1558.1659720767577,9611.417943036726
3,1,1511.8044633233335,404,1340.1595273577311,9670.278118298293
2,2,1258.9579943572141,503,1332.3835406666167,9566.878035964604
4,4,1750.4162375292244,503,1470.5461844577221,9675.5917626216
3,1,1595.3418789473071,503,1731.5354805313482,9233.743811950475
2,2,1546.8877378375496,301,1486.8488710119968,9436.080504444155
3,2,1550.0417887975698,301,1265.8101643547388,9508.315012719288
2,4,1545.2900717917692,404,1392.3372501942529,9587.222219108808
3,2,1355.7812422559973,500,1846.068188256718,9852.138493100469
1,2,1548.0339267523616,410,1369.125117382069,9128.209648615133
2,1,1443.1632989133318,410,1361.2528773014105,9422.751974167502
2,4,1500.0863401480608,410,1457.446469232291,9271.21544638051
2,4,1463.243888516391,200,1595.3489089532711,9323.198690049381
3,1,1450.89020086907,410,1759.8022126607298,9537.173494095288
1,1,1660.582471500678,302,1693.1929086791934,9736.472364230227
3,3,1419.9472047008724,302,1418.4438017159082,9434.160871114267
4,1,1573.427052423189,503,1432.370375876469,9546.726500155553
3,4,1584.0655247790748,500,1362.6143814452807,9770.289282095944
2,4,1576.250583673825,200,1569.2885400702767,9386.12283725737
2,1,1483.7880408454778,301,1737.4374859039995,9780.624024711187
3,2,1562.88976788868,302,1328.5367865826777,9487.745785554913
4,2,1722.741536154513,200,1212.4743688868177,9205.482436479993
3,2,1353.1910771402156,503,1586.6998996632678,9267.577820857601
2,4,1538.0096516117962,302,1616.4742845907263,9746.130499927227
2,3,1709.8393901614822,500,1336.5259347646922,9381.159783463752
2,2,1535.5922569943023,200,1591.9040397171927,9815.684766156839
3,4,1531.5705203316948,404,1552.5159772843335,9098.035962440896
2,2,1455.928620727643,200,1301.4762190344595,9251.812770402195
3,1,1260.684705652049,500,1467.2799358354498,9554.359544202785
4,2,1547.2697197156735,404,1695.5739232009907,9484.071121509367
4,4,1339.503754794613,200,1505.4657985543934,9911.827847117676
2,4,1384.80935632785,302,1551.4530553828513,8952.63345035169
3,2,1743.625696877882,404,1504.8684081628303,9497.951785991865
4,4,1620.494886117557,200,1494.3353919382287,9535.250404300928
3,4,1165.5670018730352,503,1611.857577570695,9841.533526581732
2,3,1587.6500785208677,301,1465.9696882399533,9586.142239194578
1,2,1595.8887199393826,500,1477.9341655377752,9439.298510758772
4,1,1367.461337565092,500,1396.8981892827976,9511.014630169077
1,1,1628.0774302424788,301,1517.1320025965472,9562.776074319569
3,2,1385.407367304382,410,1244.1590274330038,9297.017937444769
2,2,1248.9214808592117,404,1242.1786896958124,9254.684891106772
3,4,1587.2039808853503,404,1704.5665032031109,9512.979268359672
3,4,1523.3744149554939,200,1197.1448335734988,9163.243433680294
1,3,1593.3294798822735,301,1377.9251679732372,9554.27251397131
3,1,1556.8509080752049,410,1466.2662188403442,9582.65510159674
3,1,1641.758409884404,302,1426.859049882346,9327.515679001057
3,1,1948.570527732773,404,1664.973742558896,9590.17174992798
1,2,1533.660877176474,302,1436.8195516268963,9754.165152816937
2,2,1458.079713908882,200,1333.8003941309205,9368.916087816817
4,4,1533.0267425251157,503,1427.3251665089456,9575.328466831143
4,3,1369.870975179878,302,1855.0251130832355,9388.339580918724
1,4,1666.2619768680152,200,1093.3063117958882,9733.181066636364
1,3,1671.6212544614182,302,1373.3023550344665,9481.53322250966
1,3,1569.9229411961524,404,1828.1959147401012,9513.448521187174
4,2,1896.9488719985377,500,1336.7279316701695,9416.685470660848
2,2,1498.7736342991302,301,1449.8925373684233,9530.93403421537
1,1,1382.3754497588097,404,1495.926209629474,9555.878327467966
3,2,1625.098029665978,410,1662.3477833190466,9660.638684430527
2,1,1240.9702232044226,410,1523.4077853930119,9507.66408172685
3,1,1553.7785905800256,500,1294.2221798824412,9320.63640573032
4,2,1450.465422108848,500,1380.3909061991549,9612.099401014057
1,1,1488.3614269810796,410,1347.493300105418,9593.615327404976
2,1,1665.9592358153104,410,1551.9378505124034,9779.782725940138
4,4,1800.8937454374939,301,1379.2334150190477,9646.764228902048
4,1,1368.2834381651546,301,1291.2095655262324,9391.300087762553
2,4,1571.045244300641,200,1596.340668407735,9604.650591200352
3,2,1564.812380235601,302,1510.4314003417935,9752.367909254077
3,3,1466.4045270556842,200,1565.5292863193188,9462.058419577568
3,4,1481.4886681864773,410,1676.9428168432455,9369.82780726228
2,2,1286.5446898488678,301,1660.8163521742015,9421.05583869759
4,3,1400.0724197465504,200,1539.7952092960593,9774.483638020241
1,4,1687.269621864181,503,1495.7069655721032,9290.48313240575
4,3,1540.653460873169,503,1188.378617861885,9789.583519377884
4,2,1437.7001691538512,200,1730.3340173448466,9579.93970509063
2,4,1306.1520067208166,503,1332.919250006282,9827.134100670643
2,2,1388.5848676425717,302,1682.554487075117,9500.349047194768
3,3,1401.3306633067855,404,1472.226237449371,9716.078538911208
4,1,1680.7587841904822,503,1587.4238668784878,9662.66881475723
2,2,1494.581184625937,410,1520.808004834256,9488.070653175191
3,1,1369.5482863328698,200,1788.4366388852918,9370.334621832677
1,1,1379.657628182298,200,1741.1293147553058,9404.470696340828
3,4,1426.4894024420178,200,1584.2390139723318,9488.399555725284
4,4,1403.9934979354387,500,1607.4118292018397,9670.975006039916
2,3,1719.3948161828755,500,1548.1744124550248,9068.330650131284
3,1,1317.558871665257,301,1617.2769816580685,9678.889249444586
1,2,1665.6730908781374,302,1487.0808812734692,9583.415830555183
3,2,1574.5697215278153,302,1626.1215984610806,9423.08188756942
4,4,1687.0290967474666,301,1817.636654709726,9501.111151201463
4,4,1335.801202621733,404,1662.2440682256179,9305.040985062149
4,4,1541.4890509295362,200,1500.580414731942,9520.430877315777
1,4,1541.8706009669056,503,1372.5935801901267,9467.223839930237
3,1,1379.3954308051054,302,1586.0407604967888,9843.219512060548
4,3,1292.7817989632879,503,1384.9254914749445,9350.976009319458
4,4,1828.664119456664,404,1265.1371095061306,9669.634087492645
4,4,1262.1644476966312,410,1437.3788057388324,9815.153987921072
1,2,1270.7597775749232,410,1497.4647401287903,9375.046577931562
3,4,1572.8446120139306,200,1595.7741698352972,9602.876546239148
4,1,1523.3580185064218,302,1632.5843136110066,9506.764376547433
1,3,1249.9960421938204,410,1410.8046064743223,9479.585363073602
4,1,1512.0418140894405,500,1539.8937931539888,9183.177024022481
3,2,1323.366247663356,200,1376.4287761409353,9412.70068402829
1,3,1391.1277299856977,404,1478.2966204769677,9632.847717238403
4,1,1392.9189624965513,200,1564.537391075635,9371.662460774705
2,2,1664.298632206521,302,1376.5172094500608,9566.617902570797
2,2,1773.8805834247714,200,1482.125010394878,9730.729800610741
3,1,1308.3653757886116,200,1641.758614990525,9722.757383294671
3,1,1426.404683311344,503,1504.8057282639736,9500.591559227314
1,3,1433.6687331807086,500,1442.5974037489282,9763.891538040365
2,3,1427.897485792344,302,1727.928949816235,9528.053914991951
2,1,1270.4246717826693,500,1596.2695787548253,9564.220974662718
1,1,1389.9707518888931,500,1482.240408380122,9497.661443463185
2,2,1456.1718613577164,302,1510.085135933302,9472.261756302583
2,3,1491.1730640138642,410,1809.3690544696638,9313.271304523307
2,2,1786.2131067018358,404,1752.1504559175587,9477.943516431511
3,3,1455.068005883862,503,1449.0877846224787,9330.47017556852
3,2,1559.4119025636,200,1470.798072699497,9680.516447376112
2,1,1327.6135605701393,200,1452.675430601846,9569.539117456805
3,3,1264.1809073436013,200,1622.873047684252,9245.996531645324
2,2,1451.3590768084996,301,1410.0638421260885,9599.333374024283
3,3,1379.6556882653845,503,1617.5166019857759,9792.229380942837
1,4,1350.0001528983832,503,1258.00400195635,9429.771438390842
4,3,1546.3363402469834,500,1451.0728928992937,9516.159358739882
3,1,1520.9902584503977,500,1466.7145291004165,9281.496171773282
2,2,1332.7554255044017,500,1460.052586807454,9097.567883305463
4,1,1459.4053768840236,302,1443.549426396333,9503.570526596823
1,2,1748.4596983524623,200,1471.1805602625968,9548.951122597842
3,4,1571.4565977845723,404,1981.1205011696436,9405.600516163027
4,3,1416.740146373518,302,1563.6684152471153,9045.317549163512
2,4,1618.849345589083,410,1330.957748439326,9449.4524269992
2,3,1325.7859225851705,302,1488.1626911963128,9201.648440781948
1,4,1485.2872220844401,302,1343.8848720993667,9632.90807666378
2,1,1386.4600428775711,410,1311.7524371312816,9744.762267407523
3,3,1467.6257784687632,503,1397.9472289013283,9705.643624555569
3,2,1564.5684666652123,200,1583.758077596063,9754.846320048831
3,2,1169.6251647528657,301,1554.3418840550999,9497.867341519826
2,3,1772.3022325608688,301,1421.3339971642156,9600.357195372157
4,2,1411.1483043596138,410,1563.7271290020765,9534.269664032256
3,1,1649.8414029675932,200,1623.0433149090006,9522.65597126634
2,2,1570.597175723221,404,1585.2014219248988,9263.320929716388
3,4,1453.7655142583599,301,1566.901227415378,9433.988481665949
3,2,1264.5664538352721,404,1741.1954829999406,9555.173018678965
1,2,1443.5934103715754,500,1590.858842963445,9690.106343121
4,2,1256.5688549947795,410,1766.7316376039348,9612.074734249374
1,2,1203.222477027893,410,1416.5801164251632,9767.280698653933
4,1,1710.193184982144,410,1762.9344025570151,9176.804828591696
2,4,1286.556000006906,200,1295.2489719139514,9223.672312705034
2,1,1494.1397577772732,200,1507.9140655631256,9285.229716629807
2,4,1422.9959161249249,410,1699.7798404428356,9585.37517415143
2,2,1557.483154221592,503,1594.2650932598635,9485.261950403989
3,2,1447.7401293010232,302,1574.0359957646133,9407.256328638154
2,3,1268.4873888086129,500,1327.1455305954828,9333.511293497824
3,2,1464.9913567069161,410,1646.5395717357496,9550.785988198102
3,4,1619.1934812583609,404,1393.0795157737475,9545.951064719908
2,1,1490.618633846857,302,1605.5913083388994,9895.516769120883
2,2,1617.4448962192553,200,1660.1483115590038,9700.821212078732
4,3,1416.4908225181437,500,1598.7155361897796,9663.693379246313
4,4,1453.5565087621458,301,1588.5321605507343,9353.314371220698
3,4,1356.048225099205,503,1349.2748451294544,9837.282098088028
4,1,1547.0430553601427,503,1468.739172631527,9439.241447749682
1,2,1170.4375196447868,500,1451.0827903838758,9665.624853984118
4,2,1701.8642209439693,301,1320.3248988163207,9799.292649635945
4,3,1633.7182897025468,500,1601.1977005676536,9634.997108912386
2,2,1508.4183445689641,404,1393.320237237359,9208.880021546081
1,4,1195.092021177306,302,1353.4329282670835,9569.77549067065
2,2,1687.4897784852612,301,1376.8343575710971,9489.605699033
2,3,1823.8511335913504,503,1649.359882500466,8911.536614139359
1,2,1734.4686449001524,404,1476.1130618205364,9375.435284555237
3,1,1546.2699313092508,302,1349.8848123020007,9576.28850620595
1,2,1398.4301169954667,302,1534.1437176524796,9323.203073250394
4,2,1671.6202304320745,301,1569.0537081297698,9560.358435904256
3,3,1461.7727795060591,200,1637.2345197519935,9163.86943250882
4,2,1399.90787283835,301,1568.8457955746553,9297.940938417272
2,2,1449.2506517754541,410,1207.6000468122893,9879.40365505644
3,3,1639.6727385899464,301,1644.7567769623506,9651.87957348295
4,3,1311.1879115443405,410,1426.5000782152501,9545.418636569379
3,4,1479.6705121851853,200,1528.6303506191123,9539.944465534703
2,3,1712.3897977087183,410,1245.674079796395,9532.312392382264
3,4,1489.7827486910312,410,1478.9699671983083,9324.413973043376
2,1,1445.5670134474467,410,1479.036276909193,8731.646288197304
1,1,1418.274753239975,301,1336.4879155760689,9581.495511521623
2,3,1527.7516105711184,500,1346.8838591176839,9553.61093110696
2,3,1689.8938148717193,500,1534.9238259931947,9602.038914212026
4,1,1547.0870482050104,200,1710.1340517055255,9709.271163435302
4,3,1560.468317419062,410,1519.080711134115,9503.924219465458
4,2,1634.4746834478733,200,1452.1681714180231,9163.461122512552
4,2,1437.9326824368816,200,1396.5692929677066,9418.264232985639
1,3,1596.9584602450286,200,1331.811513903132,9260.84753777793
1,4,1549.2634728240503,200,1393.8789498752208,9608.67137128095
2,2,1496.3505568667267,404,1856.585972088584,9495.730012912276
1,3,1568.87573428933,404,1539.6084288791342,9511.967477420178
1,1,1513.5595272567095,404,1448.5246104748885,9623.438936119042
1,2,1699.7139432864249,410,1338.2569719173982,9389.251661023514
1,1,1555.2105813422643,200,1430.559700252907,10139.889697049153
1,4,1537.675035665524,404,1695.2732809904646,9561.382453472397
1,3,1147.7208089261517,200,1273.839672537922,9799.791154547453
2,1,1493.50951193235,301,1461.1173133531174,9407.879247889072
1,1,1696.5094860016316,200,1601.9084539790829,9331.791258246467
1,2,1499.9969292372953,301,1493.1213902395734,9388.468617109613
1,4,1384.5278255464004,500,1285.0429084837467,9765.057481677024
3,2,1353.2455005316424,301,1737.7026625774608,9662.477290040835
3,1,1103.6360518273411,302,1570.024771693961,9459.377340122246
1,4,1668.3870877901686,301,1412.6579678845571,9367.532123334477
1,4,1430.2365479762743,410,1676.640187322831,9702.076997685701
3,1,1417.2715272759183,302,1536.5670292122345,9461.672156748133
3,2,1691.318583102549,404,1287.6963900647957,9344.124482207711
3,4,1922.0736736742094,301,1342.162352562543,9303.694339189358
3,3,1217.9263080220555,404,1312.7939564586934,9555.46195124917
2,1,1606.0220202060882,301,1326.774872455446,9751.826206182
1,3,1313.4351530594167,503,1655.9214440878043,9410.480116650884
4,4,1350.2350234868231,200,1531.9231400490485,9300.583097272509
1,4,1511.3623336551539,404,1547.8154535482101,9471.375021363523
2,1,1410.1067663216058,500,1323.398706665269,9588.529170234282
3,1,1406.3697422032624,301,1983.485054789625,9317.146704416149
2,1,1537.863039456714,410,1556.6808597130807,9467.506782917519
2,1,1365.8195365219879,302,1555.890170831377,9565.393997993127
1,4,1406.8562570817558,500,1301.7218413430803,9690.310149589957
3,3,1724.9896105338923,503,1829.5223806776776,9309.044945362295
3,4,1701.0705881094427,404,1560.23637429335,9661.451052308
4,4,1576.784695974902,404,1415.54233920061,9396.704308261656
1,4,1622.846203598895,302,1264.4262044852912,9629.980645000413
2,2,1541.5855768213721,404,1556.1579833696494,9194.966767857462
3,3,1447.3400587610909,200,1615.1755516541482,9659.60644030839
2,4,1729.5542920619039,200,1734.722900383758,9605.129052057106
2,2,1315.160815118259,301,1230.6286298651553,9721.790638184664
3,4,1504.2309768607595,410,1316.663703194789,9690.389945022798
2,4,1545.6137332356643,500,1068.5585265492568,9466.269702751762
1,1,1247.7180348743575,404,1385.9410659503696,9317.940569069151
3,3,1509.2900454182045,301,1611.8163676643546,9536.492625226174
1,2,1505.4206746638376,404,1288.2267484264346,9855.790239504653
1,1,1403.5175328467017,410,1440.1054159449582,9218.642916671955
4,2,1585.35777997276,200,1156.6692075516357,9708.797777416967
4,4,1507.6399510249144,503,1334.4559595713265,9322.598087696395
4,2,1559.872873556961,503,1674.7093338805666,9958.01272913589
2,4,1275.266617896384,301,1256.9455618568354,9627.032585508152
3,3,1816.0933088257007,302,1494.4074029216351,9639.947720227945
1,4,1430.0868913211903,503,1496.9816842478815,9671.394363492855
2,2,1689.6322156093272,301,1432.3850636966847,9410.981074007797
4,2,1452.542625391759,503,1633.3431028663222,9085.005996069174
4,3,1629.2418862590846,503,1214.3167727252546,9710.196858103245
3,2,1492.8142356752055,200,1635.213474920778,9485.0732321115
4,4,1266.5662886212144,404,1552.7961859613304,9844.212551941595
2,3,1176.4403329682582,410,1449.6574833410011,9403.154594154747
4,3,1396.338425761685,503,1607.4870952673318,9597.637269598656
3,1,1422.1406323502065,503,1677.6149493840874,9564.444338567624
2,4,1536.7885552956725,500,1703.2126457238235,9423.890356023016
2,4,1508.4515481882304,503,1456.8365432774376,9334.680051483885
4,4,1481.9211680759715,410,1565.2725384244538,9487.61345157597
1,3,1517.5216577020112,200,1535.912323737985,9173.70225920425
4,2,1553.0921849715733,200,1492.6242861082746,9531.118953039946
4,4,1712.6258112850126,200,1582.4727648551266,9441.75662126873
4,3,1437.549520258046,503,1848.825307615452,9518.530262351269
3,1,1473.7853065785814,503,1717.8836439927425,9602.506777957946
1,2,1542.2197106862984,410,1248.4553209346964,9638.019168660758
3,4,1297.3887336775683,200,1701.1923872157406,9591.398985982936
4,1,1614.474548899777,302,1613.7670109891803,9657.82017959356
4,2,1550.842108446719,503,1485.6391408333154,9761.989185729817
4,4,1944.697805726959,410,1399.2503829037028,9497.954482232893
4,1,1380.1379511402329,410,1527.7247918830758,9414.901749568113
1,4,1612.967382845283,200,1514.7341740923146,9436.464977729805
1,2,1593.1111081819413,410,1444.830348834772,9389.004541371292
3,4,1246.231565446882,301,1520.5418003532534,9651.246194960951
4,2,1616.3730350791643,500,1430.1970844884936,8959.033579783982
4,3,1612.212039414986,302,1803.977394645879,9513.700258484685
3,4,1499.8116834338014,500,1459.3533748088537,9173.295128790867
4,3,1675.5186544413596,302,1666.6991468485448,9529.607786872693
4,2,1275.202527784861,503,1603.9183686690317,9500.13230134078
1,4,1477.548995270642,301,1442.8487499349158,9499.939165836411
1,4,1453.931570425214,404,1273.031330398896,9825.44521842659
3,3,1631.280216378949,200,1583.5474570150445,9455.743928478183
4,2,1485.1925771057429,301,1400.0135489096383,9787.481743646777
2,3,1593.507265270345,301,1705.4204550853444,9356.487860898238
1,4,1456.7878704961536,404,1633.7376000945362,9639.81671820037
2,4,1386.505039490041,404,1340.356388227065,9516.139115637738
3,1,1317.1532353298503,500,1267.989442525186,9503.579500231672
3,2,1313.5088930422417,301,1648.0611650504538,9345.676114881993
3,2,1607.93425047372,503,1922.8110829106638,9433.57983430902
1,4,1539.4449272182703,503,1537.8476852317112,9382.22695920024
1,2,1816.8805567286008,404,1430.3498941126838,9647.790622300534
3,2,1708.0992976139598,301,1270.0348210437412,9980.984772776035
1,3,1771.0630984332279,500,1480.2825330310488,9505.879247531095
3,3,1673.2214233946786,500,1591.1559137274348,9336.250284836251
3,2,1509.4812064736657,301,1503.6047194584196,9345.298277568172
4,3,1622.5026404725552,302,1741.9780623546417,9662.346753181666
2,3,1640.0021085986036,410,1766.586655671754,9282.26392343587
4,2,1674.0734902087027,200,1584.6566583891595,9545.40923500047
4,2,1540.5177832644179,200,1417.4088180780684,9219.560308539812
1,1,1780.139628265482,500,1982.8842775636401,9447.7162694471
4,1,1325.917725493658,500,1733.2359569782611,9362.743426943309
4,4,1445.5972454109026,404,1472.5169449838831,9712.683275406378
2,4,1509.6743412460974,404,1492.1273102085363,9295.892073585479
3,4,1453.7471170267124,301,1528.7563398445106,9577.639269619996
4,1,1318.2197450066533,500,1589.3036285039952,9057.87415952742
4,3,1475.7038681287036,404,1633.9377406912308,9433.473232113976
2,2,1507.7281923957748,302,1343.8261400423273,9401.755247680723
4,2,1551.4997630912233,500,1549.4122625684092,9236.810014738803
1,4,1409.8422132326289,301,1797.6532552666386,9539.250115744582
3,4,1592.1391646469765,404,1608.6495834195066,9782.417970488024
2,3,1368.05666474002,200,1520.078791944487,9665.581070677797
1,4,1390.999939330891,404,1579.7564648760601,9478.635243806611
4,3,1191.5555789537927,500,1425.2226974270734,9488.254449424765
4,2,1199.6240595675272,404,1488.9056794848327,9758.82822560624
1,3,1442.7464970501555,500,1672.4620391411058,9270.36614641752
1,4,1364.1342406697036,302,1604.5853685000634,9339.804221445018
4,4,1424.2212425995076,500,1567.3967806809314,9643.887788802473
2,2,1530.4732160006445,301,1742.9477120102317,9616.404737472343
2,3,1323.0767642739154,302,1522.18429646725,9551.441124276682
4,3,1261.1458796030624,404,1400.4989672023373,9701.660903581738
2,3,1409.2558407343204,404,1377.1585544299726,9407.991391845853
2,3,1727.1253453965562,404,1573.4333587354758,9378.65470984004
2,3,1563.4074572274774,302,1587.754960759351,9666.06646166631
2,1,1603.3464220150724,410,1497.1850833450776,9691.862371837224
2,4,1440.7472489838578,503,1084.644517888287,9364.699262792577
1,1,1456.361528794467,503,1445.1103575299128,9149.468960428583
4,4,1644.422526663032,200,1408.655096589395,9410.365202662832
3,3,1537.5873295219656,404,1692.967981000952,9453.890761978082
3,3,1185.7394654722734,301,1562.600102197179,9167.544338080945
1,1,1917.394324198661,503,1694.0522118789236,9460.274070720614
4,4,1657.0126348587605,301,1602.3182772091166,9895.906825764829
2,4,1676.2506963776063,410,1895.5847890241373,9229.569744031103
4,2,1540.5907671897182,200,1517.1802757985465,9134.143694599039
4,1,1655.9305414482744,503,1455.3687690038369,9438.047615244823
4,4,1077.3384948742428,410,1607.315306403653,9503.134490122118
4,4,1494.2833326481289,503,1615.0092453756452,9434.16596471924
1,2,1493.073726799677,302,1467.1297980762001,9247.747586415333
4,2,1502.337708587867,503,1647.5876575943437,10047.296323191815
1,1,1688.8643700597338,404,1629.2484586028625,9287.905829609392
2,1,1601.7319186809934,410,1524.0378314823,9579.502627842152
1,1,1662.061582228579,301,1722.4441387774943,9455.569866594315
4,1,1678.5325572424445,200,1425.4794870326216,9536.761488834762
4,1,1561.5196784166246,302,1647.492371891674,9238.020408400977
2,4,1511.9252091754295,503,1263.332486654603,9268.9517520529
3,1,1304.5372587715206,302,1586.0466974756778,9349.958986680484
2,2,1510.4452400512077,500,1355.8010131720132,9733.822765415554
3,2,1375.0416166487846,301,1470.724525518957,9452.618350467978
3,1,1532.5968416786352,503,1641.5339689059804,9449.742678897665
1,2,1367.5255835657763,404,1401.5963116579865,9523.598165336707
1,1,1354.7156836139623,410,1652.8458975103367,9154.023829704896
2,1,1480.9393836568545,301,1416.0267527163946,9607.8019261038
2,1,1450.4496218970232,503,1195.8787304331775,9674.124500287513
4,1,1533.4209848804974,503,1382.5009495326265,9309.740531453475
4,3,1770.3205214686932,410,1406.7762337308654,9471.741344579648
2,1,1572.6556339247427,404,1610.1558218722982,9653.068754428268
4,3,1257.2053965647397,404,1545.7893795456596,9792.723376555052
2,2,1518.600810015873,200,1477.8698274511826,9663.96401282117
1,4,1372.3679281466254,503,1407.4659520044456,9229.059663255777
1,3,1654.7186800167462,302,1310.3508193499908,9657.38881965626
4,3,1577.1720203967323,503,1451.6900293288165,9242.376330077004
4,4,1226.7109694099481,301,1519.467584855131,9481.109684584379
3,3,1346.2908466605093,503,1488.8367059883642,9404.67643341018
1,1,1631.787634528589,410,1657.5532471241052,9395.57021681346
3,4,1524.8562817717273,301,1653.67656811804,9559.358425705415
1,2,1461.18511291091,200,1298.8003478164994,9650.28395013253
2,2,1472.3294031568432,500,1650.5019389327013,9449.489519703047
4,3,1592.560814118728,200,1495.2963436643577,9337.717525044722
2,2,1508.1878126085621,302,1530.3955661150524,9739.324067599675
4,2,1472.7654292831985,503,1208.0780136095805,9371.610147663758
1,4,1749.3725701693868,500,1412.535934894405,9347.436074430772
1,3,1806.1874642268558,500,1604.6192844300422,9870.87217949656
4,4,1452.3753028766446,410,1561.7127910043494,9695.490803391282
1,2,1417.2187200418216,410,1556.020748632927,9669.924368394439
4,3,1248.358687667742,500,1653.243274008505,9459.121226853706
2,1,1328.0996311131548,302,1402.5008926057474,9362.125022049095
4,2,1349.7258562635288,500,1360.3922692565632,9439.347943357838
3,1,1358.5547494270772,410,1318.717190573632,8984.006491390453
3,3,1241.9471648399558,200,1719.5313609728405,9770.1034431529
1,3,1416.3246043481113,302,1287.3131978183321,9260.555936702413
3,3,1265.1848291898484,503,1631.9243454376524,9817.837443771512
4,1,1557.290091178707,302,1599.8497268347937,9381.715082605459
1,2,1522.5487750515163,301,1646.0997789324042,9228.81362896467
3,1,1420.8312475040746,500,1345.096487583563,9366.0195587092
1,1,1486.4397388871039,410,1506.1004593286536,9726.230288536462
2,3,1494.0441381951134,404,1437.4204598501572,9262.807142120539
4,3,1481.3396227682301,200,1728.4698426209654,9656.524455443923
2,2,1507.2246071925442,503,1414.973884926318,9650.495521506064
4,1,1613.7793528041248,200,1528.3443516706548,9411.231574195484
1,2,1730.331516843095,200,1610.4779032158824,9516.38934216883
2,1,1501.6335283448807,301,1459.9748802884483,9339.532335758762
2,1,1563.4647460740127,410,1539.6968721193348,9420.655703141014
1,2,1603.143277789499,404,1590.0721772907148,9330.813296732358
2,2,1631.047573907708,200,1506.2714022959867,9355.202065275069
4,3,1659.218612200093,410,1736.8005332161124,9487.610629641376
2,1,1495.4445764506813,200,1472.430027544002,9153.364844142523
2,4,1651.1409918553938,404,1530.9246399527726,9306.662852461808
2,4,1681.1371564829296,302,1523.979543331041,9837.03123580444
3,1,1417.6631674245552,410,1604.8023173628944,9582.858929320553
4,2,1472.467226310377,404,1818.4422069160744,9520.46392954792
3,2,1693.6825910117561,301,1693.6139603534637,9478.08119783753
3,2,1599.481253132311,503,1636.7334964494762,9574.086263791722
3,1,1823.775792486764,410,1651.374106362093,9539.12205970447
2,2,1353.483903509215,404,1564.7968307900765,9425.085209347693
1,3,1721.5419192954935,302,1467.974443824768,9355.022658413607
3,1,1407.7426736391974,200,1555.2173840911432,9437.155524027463
3,1,1480.502091769695,301,1470.9505717063432,9201.403855722063
4,3,1702.3857682693508,301,1529.9986291528585,9374.183279309247
2,1,1511.1057364859037,500,1380.652361814211,9405.829287382388
3,4,1635.7144843704405,301,1344.2810158544276,9295.89402774644
1,3,1347.2692089589486,500,1122.0681459661632,9563.82663026957
3,4,1297.0332516278982,410,1594.7352908244832,9748.913249869984
3,2,1706.3261305562146,404,1219.2898099885329,9504.64290192035
4,3,1411.3315414709882,500,1489.1272223149715,9648.708672749952
2,2,1468.783682065852,500,1336.6212356544527,9348.772955948407
4,2,1482.8758733723942,200,1580.5142064652523,9257.923916505406
4,1,1678.2116251131179,404,1431.0280168811087,9132.981948115406
1,1,1538.268734474491,200,1355.6785069358566,9410.23721519958
4,4,1506.088833093712,301,1476.5848831729434,9831.112434461611
4,1,1631.1702175408493,500,1802.2582522223677,9754.234790612309
3,1,1517.8093567842884,500,1569.2258267005664,9387.568394234097
4,4,1357.9699727490956,301,1417.1571433589363,9982.302800130466
4,2,1676.1265971756186,410,1619.1197692566782,9503.395633309043
4,3,1460.159868103036,410,1407.0407318198636,9334.823443419768
3,4,1470.7694532411654,200,1572.8638824009186,9615.24868556165
